show,season,ep,title,city_or_area,country,state,coordinates,source
No Reservations,1,1,France: Why the French Don't Suck,Paris,France,NA,"48.856614,2.352222",https://en.wikipedia.org/wiki/Anthony_Bourdain:_No_Reservations
No Reservations,1,2,Iceland: Hello Darkness My Old Friend,Reykjavík,Iceland,NA,"64.126521,-21.817439",https://en.wikipedia.org/wiki/Anthony_Bourdain:_No_Reservations
No Reservations,1,3,New Jersey,Fort Lee,United States,NJ,"40.850933,-73.970138",http://ethnicnj.com/bourdains-new-jersey-the-restaurants/
No Reservations,1,3,New Jersey,Barnegat Light,United States,NJ,"39.757620,-74.106247",http://ethnicnj.com/bourdains-new-jersey-the-restaurants/
No Reservations,1,3,New Jersey,Atlantic City,United States,NJ,"39.364283,-74.422927",http://ethnicnj.com/bourdains-new-jersey-the-restaurants/
No Reservations,1,3,New Jersey,Camden,United States,NJ,"39.925946,-75.119620",http://ethnicnj.com/bourdains-new-jersey-the-restaurants/
No Reservations,1,3,New Jersey,Warren Grove,United States,NJ,"39.746634,-74.370289",http://ethnicnj.com/bourdains-new-jersey-the-restaurants/
No Reservations,1,3,New Jersey,Asbury Park,United States,NJ,"40.220391,-74.012082",http://ethnicnj.com/bourdains-new-jersey-the-restaurants/
No Reservations,1,4,Vietnam: The Island of Mr. Sang,Hanoi,Vietnam,NA,"21.027764,105.834160",https://en.wikipedia.org/wiki/Anthony_Bourdain:_No_Reservations
No Reservations,1,4,Vietnam: The Island of Mr. Sang,Mai Châu,Vietnam,NA,"20.690134,105.008989",https://en.wikipedia.org/wiki/Anthony_Bourdain:_No_Reservations
No Reservations,1,4,Vietnam: The Island of Mr. Sang,Tuần Châu,Vietnam,NA,"20.927450,106.986038",https://en.wikipedia.org/wiki/Anthony_Bourdain:_No_Reservations
No Reservations,1,5,Malaysia: Into the Jungle,Kuala Lumpur,Malaysia,NA,"3.139003,101.686855",https://en.wikipedia.org/wiki/Anthony_Bourdain:_No_Reservations
No Reservations,1,6,Sicily,"Parlermo, Sicily",Italy,NA,"38.115688,13.361267",https://www.imdb.com/title/tt0513622/locations?ref_=tt_dt_dt
No Reservations,1,6,Sicily,"Trapani, Sicily",Italy,NA,"38.017618,12.537202",https://www.imdb.com/title/tt0513622/locations?ref_=tt_dt_dt
No Reservations,1,6,Sicily,"Agrigento, Sicily",Italy,NA,"37.309407,13.585982",https://www.imdb.com/title/tt0513622/locations?ref_=tt_dt_dt
No Reservations,1,6,Sicily,"Taormina, Sicily",Italy,NA,"37.851637,15.285313",https://www.imdb.com/title/tt0513622/locations?ref_=tt_dt_dt
No Reservations,1,6,Sicily,"Catania, Sicily",Italy,NA,"37.507877,15.083030",https://www.imdb.com/title/tt0513622/locations?ref_=tt_dt_dt
No Reservations,1,7,Las Vegas,Las Vegas,United States,Nevada,"36.169941,-115.139830",https://en.wikipedia.org/wiki/Anthony_Bourdain:_No_Reservations
No Reservations,1,8,Uzbekistan,Samarkand,Uzbekistan,NA,"39.627012,66.974973",https://en.wikipedia.org/wiki/Anthony_Bourdain:_No_Reservations
No Reservations,1,8,Uzbekistan,Tashkent,Uzbekistan,NA,"41.299496,69.240073",https://en.wikipedia.org/wiki/Anthony_Bourdain:_No_Reservations
No Reservations,1,9,New Zealand: Down Under the Down Under,Christchurch,New Zealand,NA,"-43.532054,172.636225",https://en.wikipedia.org/wiki/Anthony_Bourdain:_No_Reservations
No Reservations,2,1,Asia Special: China & Japan,Osaka,Japan,NA,"34.693738,135.502165",https://en.wikipedia.org/wiki/Anthony_Bourdain:_No_Reservations
No Reservations,2,1,Asia Special: China & Japan,Kisoji,Japan,NA,"36.074885,138.089862",https://en.wikipedia.org/wiki/Anthony_Bourdain:_No_Reservations
No Reservations,2,1,Asia Special: China & Japan,Xi’an,China,NA,"34.341574,108.939770",https://en.wikipedia.org/wiki/Anthony_Bourdain:_No_Reservations
No Reservations,2,1,Asia Special: China & Japan,Beijing,China,NA,"39.904200,116.407396",https://en.wikipedia.org/wiki/Anthony_Bourdain:_No_Reservations
No Reservations,2,1,Asia Special: China & Japan,Chengdu,China,NA,"30.572815,104.066801",https://en.wikipedia.org/wiki/Anthony_Bourdain:_No_Reservations
No Reservations,2,2,South Florida,Miami,United States,Florida,"25.761680,-80.191790",https://en.wikipedia.org/wiki/Anthony_Bourdain:_No_Reservations
No Reservations,2,2,South Florida,Key West,United States,Florida,"24.555059,-81.779987",https://en.wikipedia.org/wiki/Anthony_Bourdain:_No_Reservations
No Reservations,2,3,Peru,Lima,Peru,NA,"-12.046373,-77.042754",https://en.wikipedia.org/wiki/Anthony_Bourdain:_No_Reservations
No Reservations,2,3,Peru,Tambopata,Peru,NA,"-12.582529,-69.193276",https://en.wikipedia.org/wiki/Anthony_Bourdain:_No_Reservations
No Reservations,2,3,Peru,Cusco,Peru,NA,"-13.531950,-71.967463",https://en.wikipedia.org/wiki/Anthony_Bourdain:_No_Reservations
No Reservations,2,3,Peru,Machu Picchu,Peru,NA,"-13.163141,-72.544963",https://en.wikipedia.org/wiki/Anthony_Bourdain:_No_Reservations
No Reservations,2,4,Peru,"Montreal, Quebec",Canada,NA,"45.501689,-73.567256",https://en.wikipedia.org/wiki/Anthony_Bourdain:_No_Reservations
No Reservations,2,4,Quebec,"Marieville, Quebec",Canada,NA,"45.432629,-73.160204",https://en.wikipedia.org/wiki/Anthony_Bourdain:_No_Reservations
No Reservations,2,4,Quebec,"Rigaud, Quebec",Canada,NA,"45.483074,-74.282199",https://en.wikipedia.org/wiki/Anthony_Bourdain:_No_Reservations
No Reservations,2,4,Quebec,"Inukjuak, Quebec",Canada,NA,"58.455121,-78.105103",https://www.imdb.com/title/tt0933410/locations?ref_=tt_dt_dt
No Reservations,2,5,Sweden,Stockholm,Sweden,NA,"59.329323,18.068581",https://en.wikipedia.org/wiki/Anthony_Bourdain:_No_Reservations
No Reservations,2,6,Puerto Rico,"Cayey, Puerto Rico",United States,NA,"18.111905,-66.166000",https://www.imdb.com/title/tt0933412/locations?ref_=tt_dt_dt
No Reservations,2,6,Puerto Rico,"Ponce, Puerto Rico",United States,NA,"18.011077,-66.614062",https://www.imdb.com/title/tt0933412/locations?ref_=tt_dt_dt
No Reservations,2,6,Puerto Rico,"Bayam, Puerto Rico",United States,NA,"18.220833,-66.590149",https://www.imdb.com/title/tt0933412/locations?ref_=tt_dt_dt
No Reservations,2,6,Puerto Rico,"San Juan, Puerto Rico",United States,NA,"18.465539,-66.105735",https://www.imdb.com/title/tt0933412/locations?ref_=tt_dt_dt
No Reservations,2,6,Puerto Rico,"Isabela, Puerto Rico",United States,NA,"18.470386,-67.024206",https://www.imdb.com/title/tt0933412/locations?ref_=tt_dt_dt
No Reservations,2,6,Puerto Rico,"Vega Baja, Puerto Rico",United States,NA,"18.446922,-66.397314",https://www.imdb.com/title/tt0933412/locations?ref_=tt_dt_dt
No Reservations,2,6,Puerto Rico,"Caguas, Puerto Rico",United States,NA,"18.238799,-66.035249",https://www.imdb.com/title/tt0933412/locations?ref_=tt_dt_dt
No Reservations,2,7,Japan,Osaka,Japan,NA,"34.693738,135.502165",https://en.wikipedia.org/wiki/Anthony_Bourdain:_No_Reservations
No Reservations,2,8,US/Mexico Border,Del Rio,United States,Texas,"29.370886,-100.895867",https://www.imdb.com/title/tt0988175/locations?ref_=tt_dt_dt
No Reservations,2,8,US/Mexico Border,Rio Grande,United States,Texas,"26.379787,-98.820305",https://www.imdb.com/title/tt0988175/locations?ref_=tt_dt_dt
No Reservations,2,8,US/Mexico Border,Monterrey,Mexico,NA,"25.686614,-100.316113",https://www.imdb.com/title/tt0988175/locations?ref_=tt_dt_dt
No Reservations,2,8,US/Mexico Border,Tamaulipas,Mexico,NA,"24.266940,-98.836275",https://www.imdb.com/title/tt0988175/locations?ref_=tt_dt_dt
No Reservations,2,8,US/Mexico Border,Coahuíla,Mexico,NA,"27.058676,-101.706829",https://www.imdb.com/title/tt0988175/locations?ref_=tt_dt_dt
No Reservations,2,8,US/Mexico Border,Laredo,United States,Texas,"27.530567,-99.480324",https://www.imdb.com/title/tt0988175/locations?ref_=tt_dt_dt
No Reservations,2,8,US/Mexico Border,Eagle Pass,United States,Texas,"28.709143,-100.499521",https://www.imdb.com/title/tt0988175/locations?ref_=tt_dt_dt
No Reservations,2,9,India (Rajasthan),Udaipur,India,NA,"24.585445,73.712479",https://en.wikipedia.org/wiki/Anthony_Bourdain:_No_Reservations
No Reservations,2,9,India (Rajasthan),Jodhpur,India,NA,"26.238947,73.024309",https://en.wikipedia.org/wiki/Anthony_Bourdain:_No_Reservations
No Reservations,2,9,India (Rajasthan),Jaisalmer,India,NA,"26.915749,70.908344",https://en.wikipedia.org/wiki/Anthony_Bourdain:_No_Reservations
No Reservations,2,10,India (Kolkata/Mumbai),Kolkata,India,NA,"22.572646,88.363895",https://en.wikipedia.org/wiki/Anthony_Bourdain:_No_Reservations
No Reservations,2,10,India (Kolkata/Mumbai),Mumbai,India,NA,"19.075984,72.877656",https://en.wikipedia.org/wiki/Anthony_Bourdain:_No_Reservations
No Reservations,2,11,Korea,Seoul,South Korea,NA,"37.566535,126.977969",https://en.wikipedia.org/wiki/Anthony_Bourdain:_No_Reservations
No Reservations,2,12,Indonesia,Bali,Indonesia,NA,"-8.409518,115.188916",https://en.wikipedia.org/wiki/Anthony_Bourdain:_No_Reservations
No Reservations,2,12,Indonesia,Jakarta,Indonesia,NA,"-6.175110,106.865039",https://en.wikipedia.org/wiki/Anthony_Bourdain:_No_Reservations
No Reservations,2,13,Special: Decoding Ferran Adria,Barcelona,Spain,NA,"41.385064,2.173403",https://www.travelchannel.com/shows/anthony-bourdain/episodes/anthony-bourdain-no-reservations-decoding-ferran-adria
No Reservations,2,14,Special: Anthony Bourdain in Beirut,Beirut,Lebanon,NA,"33.893791,35.501777",https://en.wikipedia.org/wiki/Anthony_Bourdain:_No_Reservations
No Reservations,3,1,Ireland,Dublin,Ireland,NA,"53.349805,-6.260310",https://en.wikipedia.org/wiki/Anthony_Bourdain:_No_Reservations
No Reservations,3,1,Ireland,Belfast,Ireland,NA,"54.597285,-5.930120",https://en.wikipedia.org/wiki/Anthony_Bourdain:_No_Reservations
No Reservations,3,2,Ghana,Accra,Ghana,NA,"5.603717,-0.186964",https://www.imdb.com/title/tt0943556/locations?ref_=tt_dt_dt
No Reservations,3,2,Ghana,Ashanti,Ghana,NA,"6.747044,-1.520862",https://www.imdb.com/title/tt0943556/locations?ref_=tt_dt_dt
No Reservations,3,2,Ghana,Nzulezo,Ghana,NA,"5.020827,-2.597921",https://www.imdb.com/title/tt0943556/locations?ref_=tt_dt_dt
No Reservations,3,2,Ghana,Mole Game Reserve,Ghana,NA,"9.500000,-2.000000",https://www.imdb.com/title/tt0943556/locations?ref_=tt_dt_dt
No Reservations,3,2,Ghana,Adanwomase,Ghana,NA,"6.831355,-1.462624",https://www.imdb.com/title/tt0943556/locations?ref_=tt_dt_dt
No Reservations,3,2,Ghana,Beyin,Ghana,NA,"4.988470,-2.590404",https://www.imdb.com/title/tt0943556/locations?ref_=tt_dt_dt
No Reservations,3,3,Pacific Northwest,Portland,Oregon,NA,"45.512231,-122.658719",https://www.imdb.com/title/tt0943559/locations?ref_=tt_dt_dt
No Reservations,3,3,Pacific Northwest,Seattle,Washington,NA,"47.606209,-122.332071",https://www.imdb.com/title/tt0943559/locations?ref_=tt_dt_dt
No Reservations,3,3,Pacific Northwest,Shelton,Washington,NA,"47.215094,-123.100707",https://www.imdb.com/title/tt0943559/locations?ref_=tt_dt_dt
No Reservations,3,4,Namibia,Walvis Bay,Namibia,NA,"-22.958408,14.505751",https://www.imdb.com/title/tt0943558/locations?ref_=tt_dt_dt
No Reservations,3,4,Namibia,Windhoek,Namibia,NA,"-22.560881,17.065755",https://www.imdb.com/title/tt0943558/locations?ref_=tt_dt_dt
No Reservations,3,4,Namibia,Katutura,Namibia,NA,"-22.521134,17.059849",https://www.imdb.com/title/tt0943558/locations?ref_=tt_dt_dt
No Reservations,3,4,Namibia,Khomas,Namibia,NA,"-22.637785,17.101193",https://www.imdb.com/title/tt0943558/locations?ref_=tt_dt_dt
No Reservations,3,5,Russia,Moscow,Russia,NA,"55.755826,37.617300",https://en.wikipedia.org/wiki/Anthony_Bourdain:_No_Reservations
No Reservations,3,6,Los Angeles,Los Angeles,United States,California,"34.052234,-118.243685",https://en.wikipedia.org/wiki/Anthony_Bourdain:_No_Reservations
No Reservations,3,7,From Shanghai to Shangri-la,Shanghai,China,NA,"31.230390,121.473702",https://en.wikipedia.org/wiki/Anthony_Bourdain:_No_Reservations
No Reservations,3,7,From Shanghai to Shangri-la,Dali,China,NA,"25.606486,100.267638",https://en.wikipedia.org/wiki/Anthony_Bourdain:_No_Reservations
No Reservations,3,7,From Shanghai to Shangri-la,Lijiang,China,NA,"26.855047,100.227750",https://en.wikipedia.org/wiki/Anthony_Bourdain:_No_Reservations
No Reservations,3,7,From Shanghai to Shangri-la,Zhangdian,China,NA,"36.806669,118.017938",https://en.wikipedia.org/wiki/Anthony_Bourdain:_No_Reservations
No Reservations,3,8,New York City,New York,United States,New York,"40.712775,-74.005973",https://en.wikipedia.org/wiki/Anthony_Bourdain:_No_Reservations
No Reservations,3,9,Brazil,São Paulo,Brazil,NA,"-23.550520,-46.633309",https://en.wikipedia.org/wiki/Anthony_Bourdain:_No_Reservations
No Reservations,3,10,French Polynesia,Tahiti,French Polynesia,NA,"-17.650920,-149.426042",https://en.wikipedia.org/wiki/Anthony_Bourdain:_No_Reservations
No Reservations,3,10,French Polynesia,Tuamotu Archipelago,French Polynesia,NA,"-18.615949,-138.719142",https://en.wikipedia.org/wiki/Anthony_Bourdain:_No_Reservations
No Reservations,3,10,French Polynesia,Marquesas Islands,French Polynesia,NA,"-9.781216,-139.081712",https://en.wikipedia.org/wiki/Anthony_Bourdain:_No_Reservations
No Reservations,3,11,Cleveland,Cleveland,United States,Ohio,"41.499320,-81.694361",https://en.wikipedia.org/wiki/Anthony_Bourdain:_No_Reservations
No Reservations,3,12,Hong Kong,Hong Kong,China,NA,"22.396428,114.109497",https://en.wikipedia.org/wiki/Anthony_Bourdain:_No_Reservations
No Reservations,3,13,Argentina,Buenos Aires,Argentina,NA,"-34.603684,-58.381559",https://en.wikipedia.org/wiki/Anthony_Bourdain:_No_Reservations
No Reservations,3,14,South Carolina,Charleston,United States,South Carolina,"32.776475,-79.931051",Could have been more cities
No Reservations,3,15,Tuscany,Tuscany,Italy,NA,"43.771051,11.248621",https://en.wikipedia.org/wiki/Anthony_Bourdain:_No_Reservations
No Reservations,3,16,Holiday Special,Danbury,United States,Connecticut,"41.394817,-73.454011",http://www2.readingeagle.com/article.aspx?id=70789
No Reservations,4,1,Singapore,Singapore,Singapore,NA,"1.352083,103.819836",https://en.wikipedia.org/wiki/Anthony_Bourdain:_No_Reservations
No Reservations,4,2,Berlin,Berlin,Germany,NA,"52.520007,13.404954",https://en.wikipedia.org/wiki/Anthony_Bourdain:_No_Reservations
No Reservations,4,3,"Vancouver, BC","Vancouver, British Columbia",Canada,NA,"49.282729,-123.120738",https://en.wikipedia.org/wiki/Anthony_Bourdain:_No_Reservations
No Reservations,4,4,Greek Islands,Crete,Greece,NA,"35.240117,24.809269",https://www.imdb.com/title/tt1189463/locations?ref_=tt_dt_dt
No Reservations,4,4,Greek Islands,Zakynthos,Greece,NA,"37.787033,20.899876",https://www.imdb.com/title/tt1189463/locations?ref_=tt_dt_dt
No Reservations,4,5,New Orleans,New Orleans,United States,Louisiana,"29.951066,-90.071532",https://en.wikipedia.org/wiki/Anthony_Bourdain:_No_Reservations
No Reservations,4,6,London/Edinburgh,London,"England, United Kingdom",NA,"51.507351,-0.127758",https://en.wikipedia.org/wiki/Anthony_Bourdain:_No_Reservations
No Reservations,4,6,London/Edinburgh,Edinburgh,"Scotland, United Kingdom",NA,"55.953252,-3.188267",https://en.wikipedia.org/wiki/Anthony_Bourdain:_No_Reservations
No Reservations,4,7,Jamaica,Kingston,Jamaica,NA,"18.017874,-76.809904",https://en.wikipedia.org/wiki/Anthony_Bourdain:_No_Reservations
No Reservations,4,8,Romania,Bucharest,Romania,NA,"44.426767,26.102538",https://www.imdb.com/title/tt1189467/locations?ref_=tt_dt_dt
No Reservations,4,8,Romania,Brașov,Romania,NA,"45.657975,25.601198",https://www.imdb.com/title/tt1189467/locations?ref_=tt_dt_dt
No Reservations,4,9,Hawaii,Honolulu,United States,Hawaii,"21.306944,-157.858333",https://www.imdb.com/title/tt1189464/locations?ref_=tt_dt_dt
No Reservations,4,9,Hawaii,"North Shore, O'ahu",United States,Hawaii,"21.561657,-158.071598",https://www.imdb.com/title/tt1189464/locations?ref_=tt_dt_dt
No Reservations,4,9,Hawaii,"Kapolei, O'ahu",United States,Hawaii,"21.335391,-158.056896",https://www.imdb.com/title/tt1189464/locations?ref_=tt_dt_dt
No Reservations,4,9,Hawaii,Koloa,United States,Hawaii,"21.906667,-159.469167",https://www.imdb.com/title/tt1189464/locations?ref_=tt_dt_dt
No Reservations,4,10,Into the Fire NY,"Manhattan, New York",United States,New York,"40.783060,-73.971249",https://en.wikipedia.org/wiki/Anthony_Bourdain:_No_Reservations
No Reservations,4,11,Laos,Vientiane,Laos,NA,"17.975706,102.633104",https://en.wikipedia.org/wiki/Anthony_Bourdain:_No_Reservations
No Reservations,4,12,Colombia,Medellín,Colombia,NA,"6.244203,-75.581212",https://en.wikipedia.org/wiki/Anthony_Bourdain:_No_Reservations
No Reservations,4,12,Colombia,Cartagena,Colombia,NA,"10.391049,-75.479426",https://en.wikipedia.org/wiki/Anthony_Bourdain:_No_Reservations
No Reservations,4,13,Saudi Arabia,Jeddah,Saudi Arabia,NA,"21.485811,39.192505",https://en.wikipedia.org/wiki/Anthony_Bourdain:_No_Reservations
No Reservations,4,14,Uruguay,Montevideo,Uruguay,NA,"-34.901113,-56.164531",https://www.imdb.com/title/tt1277182/locations?ref_=tt_dt_dt
No Reservations,4,14,Uruguay,Garzón,Uruguay,NA,"-34.593287,-54.543036",https://www.imdb.com/title/tt1277182/locations?ref_=tt_dt_dt
No Reservations,4,14,Uruguay,Lavalleja,Uruguay,NA,"-34.374324,-55.237146",https://www.imdb.com/title/tt1277182/locations?ref_=tt_dt_dt
No Reservations,4,14,Uruguay,Maldonado,Uruguay,NA,"-34.905408,-54.950171",https://www.imdb.com/title/tt1277182/locations?ref_=tt_dt_dt
No Reservations,4,14,Uruguay,Jose Ignacio,Uruguay,NA,"-34.835915,-54.645146",https://www.imdb.com/title/tt1277182/locations?ref_=tt_dt_dt
No Reservations,4,14,Uruguay,Cabo Polonio,Uruguay,NA,"-34.402302,-53.794941",https://www.imdb.com/title/tt1277182/locations?ref_=tt_dt_dt
No Reservations,4,15,U.S. Southwest,Amarillo,United States,Texas,"35.221997,-101.831297",https://www.imdb.com/title/tt1591672/locations?ref_=tt_dt_dt
No Reservations,4,15,U.S. Southwest,Indio,United States,California,"33.720577,-116.215562",https://www.imdb.com/title/tt1591672/locations?ref_=tt_dt_dt
No Reservations,4,15,U.S. Southwest,Abiquiu,United States,New Mexico,"36.207241,-106.318640",https://www.imdb.com/title/tt1591672/locations?ref_=tt_dt_dt
No Reservations,4,15,U.S. Southwest,Green Valley,United States,Arizona,"31.854251,-110.993702",https://www.imdb.com/title/tt1591672/locations?ref_=tt_dt_dt
No Reservations,4,15,U.S. Southwest,Salton Sea,United States,California,"33.328618,-115.843412",https://www.imdb.com/title/tt1591672/locations?ref_=tt_dt_dt
No Reservations,4,15,U.S. Southwest,Niland,United States,California,"33.240037,-115.518876",https://www.imdb.com/title/tt1591672/locations?ref_=tt_dt_dt
No Reservations,4,15,U.S. Southwest,Woodway,United States,Texas,"31.506000,-97.205006",https://www.imdb.com/title/tt1591672/locations?ref_=tt_dt_dt
No Reservations,4,15,U.S. Southwest,Hatch,United States,New Mexico,"32.665357,-107.153074",https://www.imdb.com/title/tt1591672/locations?ref_=tt_dt_dt
No Reservations,4,15,U.S. Southwest,Phoenix,United States,Arizona,"33.448377,-112.074037",https://www.imdb.com/title/tt1591672/locations?ref_=tt_dt_dt
No Reservations,4,15,U.S. Southwest,Palm Springs,United States,California,"33.830296,-116.545292",https://www.imdb.com/title/tt1591672/locations?ref_=tt_dt_dt
No Reservations,4,15,U.S. Southwest,Bombay Beach,United States,California,"33.350867,-115.729715",https://www.imdb.com/title/tt1591672/locations?ref_=tt_dt_dt
No Reservations,4,15,U.S. Southwest,Waco,United States,Texas,"31.549333,-97.146670",https://www.imdb.com/title/tt1591672/locations?ref_=tt_dt_dt
No Reservations,4,16,Tokyo,Tokyo,Japan,NA,"35.689487,139.691706",https://en.wikipedia.org/wiki/Anthony_Bourdain:_No_Reservations
No Reservations,4,17,Spain,Catalonia,Spain,NA,"41.591159,1.520862",https://en.wikipedia.org/wiki/Anthony_Bourdain:_No_Reservations
No Reservations,4,17,Spain,San Sebastian,Spain,NA,"43.318334,-1.981231",https://en.wikipedia.org/wiki/Anthony_Bourdain:_No_Reservations
No Reservations,4,17,Spain,Barcelona,Spain,NA,"41.385064,2.173403",https://en.wikipedia.org/wiki/Anthony_Bourdain:_No_Reservations
No Reservations,4,17,Spain,Basque Country,Spain,NA,"42.989625,-2.618927",https://en.wikipedia.org/wiki/Anthony_Bourdain:_No_Reservations
No Reservations,4,18,Egypt,Seds,Egypt,NA,"30.063678,31.219527",https://en.wikipedia.org/wiki/Anthony_Bourdain:_No_Reservations
No Reservations,4,18,Egypt,Cairo,Egypt,NA,"30.044420,31.235712",https://en.wikipedia.org/wiki/Anthony_Bourdain:_No_Reservations
No Reservations,4,18,Egypt,Luxor,Egypt,NA,"25.687243,32.639636",https://en.wikipedia.org/wiki/Anthony_Bourdain:_No_Reservations
No Reservations,4,19,"So Long, Summer","Manhattan, New York",United States,New York,"40.783060,-73.971249",https://en.wikipedia.org/wiki/Anthony_Bourdain:_No_Reservations
No Reservations,4,20,Special: At the Table with Anthony Bourdain,"Manhattan, New York",United States,New York,"40.783060,-73.971249",https://en.wikipedia.org/wiki/Anthony_Bourdain:_No_Reservations
No Reservations,5,1,Mexico,Puebla,Mexico,NA,"19.041440,-98.206273",https://en.wikipedia.org/wiki/Anthony_Bourdain:_No_Reservations
No Reservations,5,1,Mexico,Mexico City,Mexico,NA,"19.432608,-99.133208",https://en.wikipedia.org/wiki/Anthony_Bourdain:_No_Reservations
No Reservations,5,2,Venice,Venice,Italy,NA,"45.440847,12.315515",https://en.wikipedia.org/wiki/Anthony_Bourdain:_No_Reservations
No Reservations,5,3,"Washington, D.C.",Washington,United States,D.C.,"38.907192,-77.036871",https://en.wikipedia.org/wiki/Anthony_Bourdain:_No_Reservations
No Reservations,5,4,Azores,Azores,Portugal,NA,"37.741249,-25.675594",https://en.wikipedia.org/wiki/Anthony_Bourdain:_No_Reservations
No Reservations,5,5,Chicago,Chicago,United States,Illinois,"41.878114,-87.629798",https://en.wikipedia.org/wiki/Anthony_Bourdain:_No_Reservations
No Reservations,5,6,Food Porn,NA,NA,NA,NA,https://en.wikipedia.org/wiki/Anthony_Bourdain:_No_Reservations
No Reservations,5,7,Philippines,Manila,Philippines,NA,"14.599512,120.984219",https://en.wikipedia.org/wiki/Anthony_Bourdain:_No_Reservations
No Reservations,5,7,Philippines,Pampanga,Philippines,NA,"15.079409,120.619989",https://en.wikipedia.org/wiki/Anthony_Bourdain:_No_Reservations
No Reservations,5,7,Philippines,Cebu,Philippines,NA,"10.315699,123.885437",https://en.wikipedia.org/wiki/Anthony_Bourdain:_No_Reservations
No Reservations,5,8,Disappearing Manhattan,"Manhattan, New York",United States,New York,"40.783060,-73.971249",https://en.wikipedia.org/wiki/Anthony_Bourdain:_No_Reservations
No Reservations,5,9,Sri Lanka,Colombo,Sri Lanka,NA,"6.927079,79.861243",https://en.wikipedia.org/wiki/Anthony_Bourdain:_No_Reservations
No Reservations,5,10,Vietnam: There's No Place Like Home,Ho Chi Minh City,Vietnam,NA,"10.823099,106.629664",https://www.imdb.com/title/tt1566960/locations?ref_=tt_dt_dt
No Reservations,5,10,Vietnam: There's No Place Like Home,Hội An,Vietnam,NA,"15.880058,108.338047",https://www.imdb.com/title/tt1566960/locations?ref_=tt_dt_dt
No Reservations,5,11,Chile,Santiago,Chile,NA,"-33.448890,-70.669265",https://en.wikipedia.org/wiki/Anthony_Bourdain:_No_Reservations
No Reservations,5,11,Chile,Patagonia,Chile,NA,"-41.810147,-68.906269",https://en.wikipedia.org/wiki/Anthony_Bourdain:_No_Reservations
No Reservations,5,12,Australia,Melbourne,Australia,NA,"-37.813628,144.963058",https://en.wikipedia.org/wiki/Anthony_Bourdain:_No_Reservations
No Reservations,5,13,Rust Belt,Baltimore,United States,Maryland,"39.290385,-76.612189",https://en.wikipedia.org/wiki/Anthony_Bourdain:_No_Reservations
No Reservations,5,13,Rust Belt,Detroit,United States,Michigan,"42.331427,-83.045754",https://en.wikipedia.org/wiki/Anthony_Bourdain:_No_Reservations
No Reservations,5,13,Rust Belt,Buffalo,United States,New York,"42.886447,-78.878369",https://en.wikipedia.org/wiki/Anthony_Bourdain:_No_Reservations
No Reservations,5,14,Down on the Street,NA,NA,NA,NA,https://en.wikipedia.org/wiki/Anthony_Bourdain:_No_Reservations
No Reservations,5,15,San Francisco,San Francisco,United States,California,"37.774929,-122.419416",https://en.wikipedia.org/wiki/Anthony_Bourdain:_No_Reservations
No Reservations,5,16,Thailand,Bangkok,Thailand,NA,"13.756331,100.501765",https://en.wikipedia.org/wiki/Anthony_Bourdain:_No_Reservations
No Reservations,5,16,Thailand,Phuket,Thailand,NA,"7.951933,98.338088",https://en.wikipedia.org/wiki/Anthony_Bourdain:_No_Reservations
No Reservations,5,17,Montana,Livingston,United States,Montana,"45.661411,-110.559956",https://www.imdb.com/title/tt1591666/?ref_=ttep_ep17
No Reservations,5,18,Burning Questions,NA,NA,NA,NA,https://en.wikipedia.org/wiki/Anthony_Bourdain:_No_Reservations
No Reservations,5,19,New York Outer Boroughs,"Staten Island, New York",United States,New York,"40.579532,-74.150201",https://en.wikipedia.org/wiki/Anthony_Bourdain:_No_Reservations
No Reservations,5,19,New York Outer Boroughs,"Queens, New York",United States,New York,"40.728224,-73.794852",https://en.wikipedia.org/wiki/Anthony_Bourdain:_No_Reservations
No Reservations,5,19,New York Outer Boroughs,"Brooklyn, New York",United States,New York,"40.678178,-73.944158",https://en.wikipedia.org/wiki/Anthony_Bourdain:_No_Reservations
No Reservations,5,19,New York Outer Boroughs,"The Bronx, New York",United States,New York,"40.844782,-73.864827",https://en.wikipedia.org/wiki/Anthony_Bourdain:_No_Reservations
No Reservations,5,20,Sardinia,Sardinia,Italy,NA,"40.120875,9.012893",https://en.wikipedia.org/wiki/Anthony_Bourdain:_No_Reservations
No Reservations,6,1,Panama,Panama City,Panama,NA,"8.982379,-79.519870",http://www.noreservationslocations.com/panama-episode.html
No Reservations,6,2,Istanbul,Istanbul,Turkey,NA,"41.008238,28.978359",https://en.wikipedia.org/wiki/Anthony_Bourdain:_No_Reservations
No Reservations,6,3,Brittany,Brittany,France,NA,"48.202047,-2.932644",https://en.wikipedia.org/wiki/Anthony_Bourdain:_No_Reservations
No Reservations,6,4,Prague,Prague,Czech Republic,NA,"50.075538,14.437800",https://en.wikipedia.org/wiki/Anthony_Bourdain:_No_Reservations
No Reservations,6,5,"Hudson Valley, NY",Hudson Valley,United States,New York,"41.920902,-73.961289",https://en.wikipedia.org/wiki/Anthony_Bourdain:_No_Reservations
No Reservations,6,6,Ecuador,Quito,Ecuador,NA,"-0.180653,-78.467838",https://en.wikipedia.org/wiki/Anthony_Bourdain:_No_Reservations
No Reservations,6,6,Ecuador,Guayaquil,Ecuador,NA,"-2.170998,-79.922359",http://www.noreservationslocations.com/ecuador-episode.html
No Reservations,6,7,Obsessed,NA,NA,NA,NA,https://en.wikipedia.org/wiki/Anthony_Bourdain:_No_Reservations
No Reservations,6,8,"Harbin, China",Harbin,China,NA,"45.803775,126.534967",https://en.wikipedia.org/wiki/Anthony_Bourdain:_No_Reservations
No Reservations,6,9,Provence,Provence,France,NA,"44.014494,6.211644",https://en.wikipedia.org/wiki/Anthony_Bourdain:_No_Reservations
No Reservations,6,10,Vietnam: Central Highlands,Dalat,Vietnam,NA,"11.940419,108.458313",https://en.wikipedia.org/wiki/Anthony_Bourdain:_No_Reservations
No Reservations,6,10,Vietnam: Central Highlands,Hanoi,Vietnam,NA,"21.027764,105.834160",https://en.wikipedia.org/wiki/Anthony_Bourdain:_No_Reservations
No Reservations,6,11,Techniques Special,NA,NA,NA,NA,https://en.wikipedia.org/wiki/Anthony_Bourdain:_No_Reservations
No Reservations,6,12,Maine,Rockland,United States,Maine,"44.103691,-69.108929",http://www.noreservationslocations.com/maine-episode.html
No Reservations,6,12,Maine,Portland,United States,Maine,"43.659099,-70.256819",http://www.noreservationslocations.com/maine-episode.html
No Reservations,6,13,Food Porn 2,NA,NA,NA,NA,https://en.wikipedia.org/wiki/Anthony_Bourdain:_No_Reservations
No Reservations,6,14,Caribbean Island Hopping,St. Vincent and the Grenadines,St. Vincent and the Grenadines,NA,"12.984305,-61.287228",http://www.noreservationslocations.com/caribbean-island-hopping-episode.html
No Reservations,6,14,Caribbean Island Hopping,Bequia,St. Vincent and the Grenadines,NA,"13.011706,-61.227231",http://www.noreservationslocations.com/caribbean-island-hopping-episode.html
No Reservations,6,15,US Heartland,Livonia,United States,Michigan,"42.368370,-83.352710",https://en.wikipedia.org/wiki/Anthony_Bourdain:_No_Reservations
No Reservations,6,15,US Heartland,Columbus,United States,Ohio,"39.961176,-82.998794",https://en.wikipedia.org/wiki/Anthony_Bourdain:_No_Reservations
No Reservations,6,15,US Heartland,Minneapolis,United States,Minnesota,"44.977753,-93.265011",https://en.wikipedia.org/wiki/Anthony_Bourdain:_No_Reservations
No Reservations,6,15,US Heartland,Denver,United States,Colorado,"39.739236,-104.990251",https://en.wikipedia.org/wiki/Anthony_Bourdain:_No_Reservations
No Reservations,6,15,US Heartland,Austin,United States,Texas,"30.267153,-97.743061",https://en.wikipedia.org/wiki/Anthony_Bourdain:_No_Reservations
No Reservations,6,15,US Heartland,Milwaukee,United States,Wisconsin,"43.038902,-87.906474",https://en.wikipedia.org/wiki/Anthony_Bourdain:_No_Reservations
No Reservations,6,16,Liberia,Monrovia,Liberia,NA,"6.290743,-10.760524",http://www.noreservationslocations.com/liberia-episode.html
No Reservations,6,16,Liberia,Robertsport,Liberia,NA,"6.750906,-11.367219",http://www.noreservationslocations.com/liberia-episode.html
No Reservations,6,17,"Kerala, India",Kerala,India,NA,"10.850516,76.271083",https://en.wikipedia.org/wiki/Anthony_Bourdain:_No_Reservations
No Reservations,6,18,Where It All Began,NA,NA,NA,NA,https://en.wikipedia.org/wiki/Anthony_Bourdain:_No_Reservations
No Reservations,6,19,Dubai,Dubai,United Arab Emirates,NA,"25.204849,55.270783",https://en.wikipedia.org/wiki/Anthony_Bourdain:_No_Reservations
No Reservations,6,20,Rome,Rome,Italy,NA,"41.902783,12.496366",https://en.wikipedia.org/wiki/Anthony_Bourdain:_No_Reservations
No Reservations,6,21,Back to Beirut,Beirut,Lebanon,NA,"33.893791,35.501777",https://en.wikipedia.org/wiki/Anthony_Bourdain:_No_Reservations
No Reservations,6,22,Making of India,NA,NA,NA,NA,https://en.wikipedia.org/wiki/Anthony_Bourdain:_No_Reservations
No Reservations,6,23,What Were We Thinking Special,NA,NA,NA,NA,https://en.wikipedia.org/wiki/Anthony_Bourdain:_No_Reservations
No Reservations,6,24,100th Episode - Paris,Paris,France,NA,"48.856614,2.352222",https://en.wikipedia.org/wiki/Anthony_Bourdain:_No_Reservations
No Reservations,6,25,Madrid,Madrid,Spain,NA,"40.416775,-3.703790",https://en.wikipedia.org/wiki/Anthony_Bourdain:_No_Reservations
No Reservations,6,26,Holiday Special,NA,NA,NA,NA,https://en.wikipedia.org/wiki/Anthony_Bourdain:_No_Reservations
No Reservations,7,1,Haiti,Port-au-Prince,Haiti,NA,"18.594395,-72.307433",https://en.wikipedia.org/wiki/Anthony_Bourdain:_No_Reservations
No Reservations,7,2,Cambodia,Siem Reap,Cambodia,NA,"13.355009,103.855173",https://en.wikipedia.org/wiki/Anthony_Bourdain:_No_Reservations
No Reservations,7,2,Cambodia,Kep,Cambodia,NA,"10.536089,104.355916",https://en.wikipedia.org/wiki/Anthony_Bourdain:_No_Reservations
No Reservations,7,2,Cambodia,Phnom Penh,Cambodia,NA,"11.556374,104.928210",https://en.wikipedia.org/wiki/Anthony_Bourdain:_No_Reservations
No Reservations,7,2,Cambodia,Kampot,Cambodia,NA,"10.594242,104.164035",https://en.wikipedia.org/wiki/Anthony_Bourdain:_No_Reservations
No Reservations,7,3,Nicaragua,Managua,Nicaragua,NA,"12.114993,-86.236174",https://en.wikipedia.org/wiki/Anthony_Bourdain:_No_Reservations
No Reservations,7,3,Nicaragua,Granada,Nicaragua,NA,"11.934407,-85.956001",https://en.wikipedia.org/wiki/Anthony_Bourdain:_No_Reservations
No Reservations,7,3,Nicaragua,Esteli,Nicaragua,NA,"13.085114,-86.363020",https://en.wikipedia.org/wiki/Anthony_Bourdain:_No_Reservations
No Reservations,7,4,Vienna,Vienna,Austria,NA,"48.208174,16.373819",https://en.wikipedia.org/wiki/Anthony_Bourdain:_No_Reservations
No Reservations,7,5,Ozarks,West Plains,Missouri,NA,"36.728115,-91.852371",https://en.wikipedia.org/wiki/Anthony_Bourdain:_No_Reservations
No Reservations,7,6,Brazil (the Amazon),Belém,Brazil,NA,"-1.455729,-48.490179",https://en.wikipedia.org/wiki/Anthony_Bourdain:_No_Reservations
No Reservations,7,7,Boston,Boston,Massachusetts,NA,"42.360082,-71.058880",https://en.wikipedia.org/wiki/Anthony_Bourdain:_No_Reservations
No Reservations,7,8,Japan: Hokkaido,Sapporo,Japan,NA,"43.062096,141.354376",https://en.wikipedia.org/wiki/Anthony_Bourdain:_No_Reservations
No Reservations,7,9,Cuba,Havana,Cuba,NA,"23.113592,-82.366596",https://en.wikipedia.org/wiki/Anthony_Bourdain:_No_Reservations
No Reservations,7,10,Macau,Macau,China,NA,"22.198745,113.543873",https://en.wikipedia.org/wiki/Anthony_Bourdain:_No_Reservations
No Reservations,7,11,Naples,Naples,Italy,NA,"40.851775,14.268124",https://en.wikipedia.org/wiki/Anthony_Bourdain:_No_Reservations
No Reservations,7,12,El Bulli,"Roses, Catalonia",Spain,NA,"42.260520,3.208099",https://en.wikipedia.org/wiki/Anthony_Bourdain:_No_Reservations
No Reservations,7,13,US Desert,Pioneertown,California,NA,"34.156442,-116.498645",https://en.wikipedia.org/wiki/Anthony_Bourdain:_No_Reservations
No Reservations,7,13,US Desert,Joshua Tree,California,NA,"34.134728,-116.313066",https://en.wikipedia.org/wiki/Anthony_Bourdain:_No_Reservations
No Reservations,7,13,US Desert,Rancho Mirage,California,NA,"33.739744,-116.412790",https://en.wikipedia.org/wiki/Anthony_Bourdain:_No_Reservations
No Reservations,7,13,US Desert,Coachella,California,NA,"33.680300,-116.173894",https://en.wikipedia.org/wiki/Anthony_Bourdain:_No_Reservations
No Reservations,7,14,Ukraine,Crimea,Ukraine,NA,"44.952117,34.102417",https://en.wikipedia.org/wiki/Anthony_Bourdain:_No_Reservations
No Reservations,7,14,Ukraine,Chernobyl,Ukraine,NA,"51.276303,30.221899",https://en.wikipedia.org/wiki/Anthony_Bourdain:_No_Reservations
No Reservations,7,15,Kurdistan,Iraqi Kurdistan,Iraq,NA,"36.410339,44.387195",https://en.wikipedia.org/wiki/Anthony_Bourdain:_No_Reservations
No Reservations,7,15,Kurdistan,Turkish Kurdistan,Turkey,NA,"38.963745,35.243322",https://en.wikipedia.org/wiki/Anthony_Bourdain:_No_Reservations
No Reservations,7,16,Cajun Country,New Orleans,United States,Louisiana,"29.951066,-90.071532",https://en.wikipedia.org/wiki/Anthony_Bourdain:_No_Reservations
No Reservations,7,16,Cajun Country,Breaux Bridge,United States,Louisiana,"30.273532,-91.899284",https://en.wikipedia.org/wiki/Anthony_Bourdain:_No_Reservations
No Reservations,7,16,Cajun Country,Metairie,United States,Louisiana,"29.984092,-90.152852",https://en.wikipedia.org/wiki/Anthony_Bourdain:_No_Reservations
No Reservations,7,17,Holiday Special 2011,NA,NA,NA,NA,https://en.wikipedia.org/wiki/Anthony_Bourdain:_No_Reservations
No Reservations,8,1,Mozambique,Beira,Mozambique,NA,"-19.831595,34.837018",https://en.wikipedia.org/wiki/Anthony_Bourdain:_No_Reservations
No Reservations,8,1,Mozambique,Mozambique Island,Mozambique,NA,"-15.036449,40.732331",https://en.wikipedia.org/wiki/Anthony_Bourdain:_No_Reservations
No Reservations,8,1,Mozambique,Maputo,Mozambique,NA,"-25.969248,32.573175",https://en.wikipedia.org/wiki/Anthony_Bourdain:_No_Reservations
No Reservations,8,2,Kansas City,Kansas City,Missouri,NA,"39.099727,-94.578567",https://en.wikipedia.org/wiki/Anthony_Bourdain:_No_Reservations
No Reservations,8,2,Kansas City,Kansas City,Kansas,NA,"39.114053,-94.627464",https://en.wikipedia.org/wiki/Anthony_Bourdain:_No_Reservations
No Reservations,8,3,Croatian Coast,Zadar,Croatia,NA,"44.119371,15.231365",http://www.noreservationslocations.com/croatian-coast-episode.html
No Reservations,8,3,Croatian Coast,Motovun,Croatia,NA,"45.335951,13.827861",http://www.noreservationslocations.com/croatian-coast-episode.html
No Reservations,8,3,Croatian Coast,Skradin,Croatia,NA,"43.817637,15.923255",http://www.noreservationslocations.com/croatian-coast-episode.html
No Reservations,8,4,Lisbon,Lisbon,Portugal,NA,"38.722252,-9.139337",https://en.wikipedia.org/wiki/Anthony_Bourdain:_No_Reservations
No Reservations,8,5,Japan: Cook It Raw,Tokyo,Japan,NA,"35.689487,139.691706",https://www.imdb.com/title/tt2375989/locations?ref_=tt_dt_dt
No Reservations,8,5,Japan: Cook It Raw,"Kaga, Ishikawa",Japan,NA,"36.302624,136.314627",https://www.imdb.com/title/tt2375989/locations?ref_=tt_dt_dt
No Reservations,8,5,Japan: Cook It Raw,"Kanazawa, Ishikawa",Japan,NA,"36.561325,136.656205",https://www.imdb.com/title/tt2375989/locations?ref_=tt_dt_dt
No Reservations,8,5,Japan: Cook It Raw,"Hakusan City, Ishikawa",Japan,NA,"36.514427,136.565892",https://www.imdb.com/title/tt2375989/locations?ref_=tt_dt_dt
No Reservations,8,6,Finland,Helsinki,Finland,NA,"60.169856,24.938379",https://en.wikipedia.org/wiki/Anthony_Bourdain:_No_Reservations
No Reservations,8,7,Baja,"Ensenada, Baja California Norte",Mexico,NA,"31.866743,-116.596371",https://www.imdb.com/title/tt2155960/locations?ref_=tt_dt_dt
No Reservations,8,7,Baja,"Tijuana, Baja California Norte",Mexico,NA,"32.514947,-117.038247",https://www.imdb.com/title/tt2155960/locations?ref_=tt_dt_dt
No Reservations,8,8,Penang,Penang,Malaysia,NA,"5.416393,100.332679",https://en.wikipedia.org/wiki/Anthony_Bourdain:_No_Reservations
No Reservations,9,1,Austin,Austin,United States,Texas,"30.267153,-97.743061",https://en.wikipedia.org/wiki/Anthony_Bourdain:_No_Reservations
No Reservations,9,2,Sydney,Sydney,Australia,NA,"-33.868820,151.209296",https://en.wikipedia.org/wiki/Anthony_Bourdain:_No_Reservations
No Reservations,9,3,"Sex, Drugs And Rock & Roll",NA,NA,NA,NA,https://en.wikipedia.org/wiki/Anthony_Bourdain:_No_Reservations
No Reservations,9,4,Emilia Romagna,Bologna,Italy,NA,"44.494887,11.342616",https://www.imdb.com/title/tt2388838/locations?ref_=tt_dt_dt
No Reservations,9,4,Emilia Romagna,Polesine Parmense,Italy,NA,"45.020027,10.088044",https://www.imdb.com/title/tt2388838/locations?ref_=tt_dt_dt
No Reservations,9,4,Emilia Romagna,Modena,Italy,NA,"44.647128,10.925227",https://en.wikipedia.org/wiki/Anthony_Bourdain:_No_Reservations
No Reservations,9,5,Burgundy,Morey-Saint-Denis,France,NA,"47.195673,4.962496",https://www.imdb.com/title/tt2388842/locations?ref_=tt_dt_dt
No Reservations,9,5,Burgundy,Pacy-sur-Armançon,France,NA,"47.777121,4.094861",https://www.imdb.com/title/tt2388842/locations?ref_=tt_dt_dt
No Reservations,9,5,Burgundy,Beaune,France,NA,"47.026030,4.840004",https://www.imdb.com/title/tt2388842/locations?ref_=tt_dt_dt
No Reservations,9,5,Burgundy,Nuits-Saint-Georges,France,NA,"47.137985,4.950320",https://www.imdb.com/title/tt2388842/locations?ref_=tt_dt_dt
No Reservations,9,5,Burgundy,Auxerre,France,NA,"47.798202,3.573781",https://www.imdb.com/title/tt2388842/locations?ref_=tt_dt_dt
No Reservations,9,5,Burgundy,Yonne,France,NA,"47.865273,3.607982",https://www.imdb.com/title/tt2388842/locations?ref_=tt_dt_dt
No Reservations,9,5,Burgundy,Noyers,France,NA,"47.695641,3.995663",https://www.imdb.com/title/tt2388842/locations?ref_=tt_dt_dt
No Reservations,9,5,Burgundy,Vézelay,France,NA,"47.465674,3.746143",https://www.imdb.com/title/tt2388842/locations?ref_=tt_dt_dt
No Reservations,9,5,Burgundy,Saint-Père,France,NA,"47.459395,3.765224",https://en.wikipedia.org/wiki/Anthony_Bourdain:_No_Reservations
No Reservations,9,6,Seven Deadly Sins,NA,NA,NA,NA,https://en.wikipedia.org/wiki/Anthony_Bourdain:_No_Reservations
No Reservations,9,7,Rio,Rio de Janeiro,Brazil,NA,"-22.906847,-43.172896",https://en.wikipedia.org/wiki/Anthony_Bourdain:_No_Reservations
No Reservations,9,8,Off The Charts,NA,NA,NA,NA,https://en.wikipedia.org/wiki/Anthony_Bourdain:_No_Reservations
No Reservations,9,9,Dominican Republic,Santo Domingo,Dominican Republic,NA,"18.486058,-69.931212",https://www.imdb.com/title/tt2388854/locations?ref_=tt_dt_dt
No Reservations,9,9,NA,Playa Rincon,Dominican Republic,NA,"19.289455,-69.249945",https://www.imdb.com/title/tt2388854/locations?ref_=tt_dt_dt
No Reservations,9,9,NA,Samaná,Dominican Republic,NA,"19.203076,-69.338766",https://www.imdb.com/title/tt2388854/locations?ref_=tt_dt_dt
No Reservations,9,10,Brooklyn,"Brooklyn, New York",United States,New York,"40.678178,-73.944158",https://en.wikipedia.org/wiki/Anthony_Bourdain:_No_Reservations
The Layover,1,1,Singapore,Singapore,Singapore,NA,"1.352083,103.819836",https://en.wikipedia.org/wiki/The_Layover
The Layover,1,2,New York,New York,United States,New York,"40.712775,-74.005973",https://en.wikipedia.org/wiki/The_Layover
The Layover,1,3,Rome,Rome,Italy,NA,"41.902783,12.496366",https://en.wikipedia.org/wiki/The_Layover
The Layover,1,4,Miami,Miami,United States,Florida,"25.761680,-80.191790",https://en.wikipedia.org/wiki/The_Layover
The Layover,1,5,Hong Kong,Hong Kong,China,NA,"22.396428,114.109497",https://en.wikipedia.org/wiki/The_Layover
The Layover,1,6,Montreal,"Montreal, Quebec",Canada,NA,"45.501689,-73.567256",https://en.wikipedia.org/wiki/The_Layover
The Layover,1,7,Amsterdam,Amsterdam,Netherlands,NA,"52.370216,4.895168",https://en.wikipedia.org/wiki/The_Layover
The Layover,1,8,San Francisco,San Francisco,United States,California,"37.774929,-122.419416",https://en.wikipedia.org/wiki/The_Layover
The Layover,1,9,London,London,"England, United Kingdom",NA,"51.507351,-0.127758",https://en.wikipedia.org/wiki/The_Layover
The Layover,1,10,Los Angeles,Los Angeles,United States,California,"34.052234,-118.243685",https://en.wikipedia.org/wiki/The_Layover
The Layover,2,1,Chicago,Chicago,United States,NA,"41.878114,-87.629798",https://en.wikipedia.org/wiki/The_Layover
The Layover,2,2,Paris,Paris,France,NA,"48.856614,2.352222",https://en.wikipedia.org/wiki/The_Layover
The Layover,2,3,Philadelphia,Philadelphia,United States,Pennsylvania,"39.952584,-75.165222",https://en.wikipedia.org/wiki/The_Layover
The Layover,2,4,São Paulo,São Paulo,Brazil,NA,"-23.550520,-46.633309",https://en.wikipedia.org/wiki/The_Layover
The Layover,2,5,Toronto,Toronto,Canada,NA,"43.653226,-79.383184",https://en.wikipedia.org/wiki/The_Layover
The Layover,2,6,Dublin,Dublin,Ireland,NA,"53.349805,-6.260310",https://en.wikipedia.org/wiki/The_Layover
The Layover,2,7,Atlanta,Atlanta,United States,Georgia,"33.748995,-84.387982",https://en.wikipedia.org/wiki/The_Layover
The Layover,2,8,Taipei,Taipei,Taiwan,NA,"25.032969,121.565418",https://en.wikipedia.org/wiki/The_Layover
The Layover,2,9,New Orleans,New Orleans,United States,Louisiana,"29.951066,-90.071532",https://en.wikipedia.org/wiki/The_Layover
The Layover,2,10,Seattle,Seattle,United States,Washington,"47.606209,-122.332071",https://en.wikipedia.org/wiki/The_Layover
Parts Unknown,1,1,Myanmar,Yangon,Myanmar,NA,"16.866069,96.195132",https://www.imdb.com/title/tt2849368/locations?ref_=tt_dt_dt
Parts Unknown,1,1,Myanmar,Bagan,Myanmar,NA,"21.171727,94.858546",https://www.imdb.com/title/tt2849368/locations?ref_=tt_dt_dt
Parts Unknown,1,2,Los Angeles,"Koreatown, Los Angeles",United States,California,"34.060988,-118.302358",https://en.wikipedia.org/wiki/Anthony_Bourdain:_Parts_Unknown
Parts Unknown,1,2,Los Angeles,"Venice, Los Angeles",United States,California,"33.985047,-118.469483",https://en.wikipedia.org/wiki/Anthony_Bourdain:_Parts_Unknown
Parts Unknown,1,2,Los Angeles,"Los Feliz, Los Angeles",United States,California,"34.106331,-118.284820",https://en.wikipedia.org/wiki/Anthony_Bourdain:_Parts_Unknown
Parts Unknown,1,2,Los Angeles,"Whittier Boulevard, East Los Angeles",United States,California,"34.020798,-118.159085",https://en.wikipedia.org/wiki/Anthony_Bourdain:_Parts_Unknown
Parts Unknown,1,3,Colombia,Meta,Colombia,NA,"3.271990,-73.087749",https://www.imdb.com/title/tt2849394/locations?ref_=tt_dt_dt
Parts Unknown,1,3,Colombia,Guaviare,Colombia,NA,"2.043924,-72.331113",https://www.imdb.com/title/tt2849394/locations?ref_=tt_dt_dt
Parts Unknown,1,3,Colombia,Bogotá,Colombia,NA,"4.710989,-74.072092",https://www.imdb.com/title/tt2849394/locations?ref_=tt_dt_dt
Parts Unknown,1,3,Colombia,Valle del Cauca,Colombia,NA,"3.800889,-76.641271",https://www.imdb.com/title/tt2849394/locations?ref_=tt_dt_dt
Parts Unknown,1,3,Colombia,La Guajira,Colombia,NA,"11.354774,-72.520483",https://www.imdb.com/title/tt2849394/locations?ref_=tt_dt_dt
Parts Unknown,1,4,Quebec,"Montreal, Quebec",Canada,NA,"45.501689,-73.567256",https://en.wikipedia.org/wiki/Anthony_Bourdain:_Parts_Unknown
Parts Unknown,1,4,Quebec,"Quebec City, Quebec",Canada,NA,"46.813878,-71.207981",https://en.wikipedia.org/wiki/Anthony_Bourdain:_Parts_Unknown
Parts Unknown,1,5,Morocco (Tangier),Tangier,Morocco,NA,"35.759465,-5.833954",https://en.wikipedia.org/wiki/Anthony_Bourdain:_Parts_Unknown
Parts Unknown,1,6,Libya,Tripoli,Libya,NA,"35.759820,-5.834237",https://en.wikipedia.org/wiki/Anthony_Bourdain:_Parts_Unknown
Parts Unknown,1,6,Libya,Al Khums,Libya,NA,"32.650951,14.267899",https://www.imdb.com/title/tt2849400/locations?ref_=tt_dt_dt
Parts Unknown,1,6,Libya,Misrata,Libya,NA,"32.325588,15.099256",https://www.imdb.com/title/tt2849400/locations?ref_=tt_dt_dt
Parts Unknown,1,6,Libya,Murqub,Libya,NA,"32.459968,14.100133",https://www.imdb.com/title/tt2849400/locations?ref_=tt_dt_dt
Parts Unknown,1,7,Peru,Lima,Peru,NA,"-12.046373,-77.042754",https://www.imdb.com/title/tt2849408/locations?ref_=tt_dt_dt
Parts Unknown,1,7,Peru,Chiclayo,Peru,NA,"-6.776597,-79.844298",https://www.imdb.com/title/tt2849408/locations?ref_=tt_dt_dt
Parts Unknown,1,8,Congo,"Goma, North Kivu",Democratic Republic of the Congo,NA,"-1.658501,29.220455",https://www.imdb.com/title/tt2849384/locations?ref_=tt_dt_dt
Parts Unknown,1,8,Congo,"Kisangani, Orientale",Democratic Republic of the Congo,NA,"0.518530,25.200773",https://www.imdb.com/title/tt2849384/locations?ref_=tt_dt_dt
Parts Unknown,2,1,Prime Cuts: Season One,NA,NA,NA,NA,https://en.wikipedia.org/wiki/Anthony_Bourdain:_Parts_Unknown
Parts Unknown,2,2,Jerusalem,Jerusalem,Israel,NA,"31.768319,35.213710",https://www.imdb.com/title/tt3285356/?ref_=ttep_ep1
Parts Unknown,2,2,Jerusalem,"Aida, West Bank",Palestine,NA,"31.946570,35.302723",https://www.imdb.com/title/tt3285356/?ref_=ttep_ep1
Parts Unknown,2,2,Jerusalem,Bethlehem,Palestine,NA,"31.705382,35.202442",https://www.imdb.com/title/tt3285356/?ref_=ttep_ep1
Parts Unknown,2,2,Jerusalem,Ein Rafa,Israel,NA,"31.790605,35.116514",https://www.imdb.com/title/tt3285356/?ref_=ttep_ep1
Parts Unknown,2,2,Jerusalem,Gaza,Palestine,NA,"31.354676,34.308826",https://www.imdb.com/title/tt3285356/?ref_=ttep_ep1
Parts Unknown,2,2,Jerusalem,Bror Hayil,Israel,NA,"31.556985,34.646547",https://www.imdb.com/title/tt3285356/?ref_=ttep_ep1
Parts Unknown,2,2,Jerusalem,Ramallah,Palestine,NA,"31.903764,35.203418",https://www.imdb.com/title/tt3285356/?ref_=ttep_ep1
Parts Unknown,2,3,Spain,"Granada, Andalucia",Spain,NA,"37.177336,-3.598557",https://en.wikipedia.org/wiki/Anthony_Bourdain:_Parts_Unknown
Parts Unknown,2,4,New Mexico,Santa Fe,United States,New Mexico,"35.686975,-105.937799",https://en.wikipedia.org/wiki/Anthony_Bourdain:_Parts_Unknown
Parts Unknown,2,4,New Mexico,Zia Pueblo,United States,New Mexico,"35.506976,-106.720311",https://en.wikipedia.org/wiki/Anthony_Bourdain:_Parts_Unknown
Parts Unknown,2,4,New Mexico,Alberquerque,United States,New Mexico,"35.084386,-106.650422",https://en.wikipedia.org/wiki/Anthony_Bourdain:_Parts_Unknown
Parts Unknown,2,5,Copenhagen,Copenhagen,Denmark,NA,"55.676097,12.568337",https://en.wikipedia.org/wiki/Anthony_Bourdain:_Parts_Unknown
Parts Unknown,2,6,Sicily,NA,Sicily,NA,"37.599994,14.015356",http://anthonybourdain.tumblr.com/post/63750682556/failure
Parts Unknown,2,7,South Africa,Johannesburg,South Africa,NA,"-26.204103,28.047305",https://en.wikipedia.org/wiki/Anthony_Bourdain:_Parts_Unknown
Parts Unknown,2,8,Tokyo,Tokyo,Japan,NA,"35.689487,139.691706",https://en.wikipedia.org/wiki/Anthony_Bourdain:_Parts_Unknown
Parts Unknown,2,9,Detroit,Detroit,United States,Michigan,"42.331427,-83.045754",https://en.wikipedia.org/wiki/Anthony_Bourdain:_Parts_Unknown
Parts Unknown,3,1,Prime Cuts: Season Two,NA,NA,NA,NA,https://en.wikipedia.org/wiki/Anthony_Bourdain:_Parts_Unknown
Parts Unknown,3,2,"Punjab, India","Amritsar, Punjab",India,NA,"31.633979,74.872264",https://en.wikipedia.org/wiki/Anthony_Bourdain:_Parts_Unknown
Parts Unknown,3,3,Las Vegas,Las Vegas,United States,Nevada,"36.169941,-115.139830",https://en.wikipedia.org/wiki/Anthony_Bourdain:_Parts_Unknown
Parts Unknown,3,4,Lyon,Lyon,France,NA,"45.764043,4.835659",https://en.wikipedia.org/wiki/Anthony_Bourdain:_Parts_Unknown
Parts Unknown,3,5,Mexico City,Mexico City,Mexico,NA,"19.432608,-99.133208",https://en.wikipedia.org/wiki/Anthony_Bourdain:_Parts_Unknown
Parts Unknown,3,5,Mexico City,Oaxaca,Mexico,NA,"17.073184,-96.726589",https://en.wikipedia.org/wiki/Anthony_Bourdain:_Parts_Unknown
Parts Unknown,3,5,Mexico City,Cuernavaca,Mexico,NA,"18.924209,-99.221566",https://en.wikipedia.org/wiki/Anthony_Bourdain:_Parts_Unknown
Parts Unknown,3,6,Russia,Moscow,Russia,NA,"55.755826,37.617300",https://en.wikipedia.org/wiki/Anthony_Bourdain:_Parts_Unknown
Parts Unknown,3,6,Russia,St. Petersburg,Russia,NA,"59.934280,30.335099",https://en.wikipedia.org/wiki/Anthony_Bourdain:_Parts_Unknown
Parts Unknown,3,7,Mississippi Delta,Jackson,United States,Mississippi,"32.298757,-90.184810",https://en.wikipedia.org/wiki/Anthony_Bourdain:_Parts_Unknown
Parts Unknown,3,7,Mississippi Delta,Merigold,United States,Mississippi,"33.839001,-90.726209",https://en.wikipedia.org/wiki/Anthony_Bourdain:_Parts_Unknown
Parts Unknown,3,8,Thailand,Chiang Mai Province,Thailand,NA,"18.787747,98.993128",https://en.wikipedia.org/wiki/Anthony_Bourdain:_Parts_Unknown
Parts Unknown,3,9,"Bahia, Brazil",Bahia,Brazil,NA,"-12.579738,-41.700727",https://en.wikipedia.org/wiki/Anthony_Bourdain:_Parts_Unknown
Parts Unknown,4,1,Prime Cuts: Season Three,NA,NA,NA,NA,https://en.wikipedia.org/wiki/Anthony_Bourdain:_Parts_Unknown
Parts Unknown,4,2,Shanghai,Shanghai,China,NA,"31.230390,121.473702",https://en.wikipedia.org/wiki/Anthony_Bourdain:_Parts_Unknown
Parts Unknown,4,3,The Bronx,"The Bronx, New York",United States,New York,"40.844782,-73.864827",https://en.wikipedia.org/wiki/Anthony_Bourdain:_Parts_Unknown
Parts Unknown,4,4,Paraguay,Asunción,Paraguay,NA,"-25.263740,-57.575926",https://www.cnn.com/travel/article/paraguay-parts-unknown-season-4-ep-3/index.html
Parts Unknown,4,5,Vietnam,Huế,Vietnam,NA,"16.463712,107.590863",https://en.wikipedia.org/wiki/Anthony_Bourdain:_Parts_Unknown
Parts Unknown,4,5,Vietnam,Quảng Trị,Vietnam,NA,"16.794347,106.963409",https://en.wikipedia.org/wiki/Anthony_Bourdain:_Parts_Unknown
Parts Unknown,4,6,Tanzania,Zanzibar,Tanzania,NA,"-6.135730,39.362120",https://www.imdb.com/title/tt4129732/plotsummary?ref_=tt_ov_pl
Parts Unknown,4,6,Tanzania,Serengeti,Tanzania,NA,"-2.153994,34.685651",https://www.imdb.com/title/tt4129732/plotsummary?ref_=tt_ov_pl
Parts Unknown,4,6,Tanzania,Ngorongoro Crater,Tanzania,NA,"-3.161752,35.587670",https://www.imdb.com/title/tt4129732/plotsummary?ref_=tt_ov_pl
Parts Unknown,4,7,Iran,Isfana,Iran,NA,"32.654627,51.667983",https://en.wikipedia.org/wiki/Anthony_Bourdain:_Parts_Unknown
Parts Unknown,4,7,Iran,Tehran,Iran,NA,"35.689197,51.388974",https://en.wikipedia.org/wiki/Anthony_Bourdain:_Parts_Unknown
Parts Unknown,4,8,Massachusetts,Provincetown,United States,Massachusetts,"42.058441,-70.178643",https://en.wikipedia.org/wiki/Anthony_Bourdain:_Parts_Unknown
Parts Unknown,4,8,Massachusetts,Franklin County,United States,Massachusetts,"42.530599,-72.615117",https://en.wikipedia.org/wiki/Anthony_Bourdain:_Parts_Unknown
Parts Unknown,4,9,Jamaica,Port Antonio,Jamaica,NA,"18.171276,-76.447632",https://en.wikipedia.org/wiki/Anthony_Bourdain:_Parts_Unknown
Parts Unknown,4,9,Jamaica,Oracabessa,Jamaica,NA,"18.403475,-76.938379",https://en.wikipedia.org/wiki/Anthony_Bourdain:_Parts_Unknown
Parts Unknown,5,1,Prime Cuts: Season Four,NA,NA,NA,NA,https://en.wikipedia.org/wiki/Anthony_Bourdain:_Parts_Unknown
Parts Unknown,5,2,Korea,Seoul,South Korea,NA,"37.566535,126.977969",https://en.wikipedia.org/wiki/Anthony_Bourdain:_Parts_Unknown
Parts Unknown,5,3,Miami,Miami,United States,Florida,"25.761680,-80.191790",https://en.wikipedia.org/wiki/Anthony_Bourdain:_Parts_Unknown
Parts Unknown,5,4,Scotland,Glasgow,"Scotland, United Kingdom",NA,"55.864237,-4.251806",https://en.wikipedia.org/wiki/Anthony_Bourdain:_Parts_Unknown
Parts Unknown,5,5,Madagascar,Antananarivo,Madagascar,NA,"-18.879190,47.507905",https://en.wikipedia.org/wiki/Anthony_Bourdain:_Parts_Unknown
Parts Unknown,5,6,New Jersey,Barnegat Light,United States,New Jersey,"39.757620,-74.106247",https://en.wikipedia.org/wiki/Anthony_Bourdain:_Parts_Unknown
Parts Unknown,5,6,New Jersey,Atlantic City,United States,New Jersey,"39.364283,-74.422927",https://en.wikipedia.org/wiki/Anthony_Bourdain:_Parts_Unknown
Parts Unknown,5,6,New Jersey,Fort Lee,United States,New Jersey,"40.850933,-73.970138",https://en.wikipedia.org/wiki/Anthony_Bourdain:_Parts_Unknown
Parts Unknown,5,6,New Jersey,Asbury Park,United States,New Jersey,"40.220391,-74.012082",https://en.wikipedia.org/wiki/Anthony_Bourdain:_Parts_Unknown
Parts Unknown,5,6,New Jersey,Camden,United States,New Jersey,"39.925946,-75.119620",https://en.wikipedia.org/wiki/Anthony_Bourdain:_Parts_Unknown
Parts Unknown,5,7,Budapest,Budapest,Hungary,NA,"47.497912,19.040235",https://en.wikipedia.org/wiki/Anthony_Bourdain:_Parts_Unknown
Parts Unknown,5,8,Hawaii,Honolulu,United States,Hawaii,"21.306944,-157.858333",https://en.wikipedia.org/wiki/Anthony_Bourdain:_Parts_Unknown
Parts Unknown,5,8,Hawaii,Molokai,United States,Hawaii,"21.144393,-157.022630",https://en.wikipedia.org/wiki/Anthony_Bourdain:_Parts_Unknown
Parts Unknown,5,9,Beirut,Beirut,Lebanon,NA,"33.893791,35.501777",https://en.wikipedia.org/wiki/Anthony_Bourdain:_Parts_Unknown
Parts Unknown,6,1,Prime Cuts: Season Five,NA,NA,NA,NA,https://en.wikipedia.org/wiki/Anthony_Bourdain:_Parts_Unknown
Parts Unknown,6,2,Cuba,Havana,Cuba,NA,"23.113592,-82.366596",https://en.wikipedia.org/wiki/Anthony_Bourdain:_Parts_Unknown
Parts Unknown,6,2,Cuba,Santiago,Cuba,NA,"20.016930,-75.830154",https://en.wikipedia.org/wiki/Anthony_Bourdain:_Parts_Unknown
Parts Unknown,6,3,"Marseille, France",Marseille,France,NA,"43.296482,5.369780",https://en.wikipedia.org/wiki/Anthony_Bourdain:_Parts_Unknown
Parts Unknown,6,4,Okinawa,"Okinawa, Japan",Japan,NA,"26.212401,127.680932",https://en.wikipedia.org/wiki/Anthony_Bourdain:_Parts_Unknown
Parts Unknown,6,5,Bay Area,San Francisco Bay Area,United States,California,"37.827178,-122.291308",https://en.wikipedia.org/wiki/Anthony_Bourdain:_Parts_Unknown
Parts Unknown,6,6,Ethiopia,Addis Ababa,Ethiopia,NA,"8.980603,38.757761",https://en.wikipedia.org/wiki/Anthony_Bourdain:_Parts_Unknown
Parts Unknown,6,7,Borneo,Kuching,Malaysia,NA,"1.553504,110.359293",https://en.wikipedia.org/wiki/Anthony_Bourdain:_Parts_Unknown
Parts Unknown,6,8,Istanbul,Istanbul,Turkey,NA,"41.008238,28.978359",https://en.wikipedia.org/wiki/Anthony_Bourdain:_Parts_Unknown
Parts Unknown,6,9,"Charleston, SC",Charleston,United States,South Carolina,"32.776475,-79.931051",https://en.wikipedia.org/wiki/Anthony_Bourdain:_Parts_Unknown
Parts Unknown,6,9,"Charleston, SC",Hemingway,United States,South Carolina,"33.753777,-79.447557",https://en.wikipedia.org/wiki/Anthony_Bourdain:_Parts_Unknown
Parts Unknown,7,1,Prime Cuts: Season Six,NA,NA,NA,NA,https://en.wikipedia.org/wiki/Anthony_Bourdain:_Parts_Unknown
Parts Unknown,7,2,"Manila, Philippines",Manila,Philippines,NA,"14.599512,120.984219",https://en.wikipedia.org/wiki/Anthony_Bourdain:_Parts_Unknown
Parts Unknown,7,3,Chicago,Chicago,United States,Illinois,"41.878114,-87.629798",https://en.wikipedia.org/wiki/Anthony_Bourdain:_Parts_Unknown
Parts Unknown,7,4,The Greek Islands,Naxos,Greece,NA,"37.103566,25.377673",https://en.wikipedia.org/wiki/Anthony_Bourdain:_Parts_Unknown
Parts Unknown,7,5,Montana,Butte,United States,Montana,"46.003823,-112.534778",https://en.wikipedia.org/wiki/Anthony_Bourdain:_Parts_Unknown
Parts Unknown,7,5,Montana,Powell County,United States,Montana,"46.931145,-112.974547",https://en.wikipedia.org/wiki/Anthony_Bourdain:_Parts_Unknown
Parts Unknown,7,5,Montana,Crow Indian Reservation,United States,Montana,"45.383294,-107.833996",https://en.wikipedia.org/wiki/Anthony_Bourdain:_Parts_Unknown
Parts Unknown,7,6,"Tbilisi, Georgia",Tbilisi,Georgia,NA,"41.789233,44.775387",https://en.wikipedia.org/wiki/Anthony_Bourdain:_Parts_Unknown
Parts Unknown,7,7,Senegal,Dakar,Senegal,NA,"14.716677,-17.467686",https://en.wikipedia.org/wiki/Anthony_Bourdain:_Parts_Unknown
Parts Unknown,7,8,"Cologne, Germany",Cologne,Germany,NA,"50.937531,6.960279",https://en.wikipedia.org/wiki/Anthony_Bourdain:_Parts_Unknown
Parts Unknown,8,1,Prime Cuts: Season Seven,NA,NA,NA,NA,https://en.wikipedia.org/wiki/Anthony_Bourdain:_Parts_Unknown
Parts Unknown,8,2,Hanoi,Hanoi,Vietnam,NA,"21.027764,105.834160",https://en.wikipedia.org/wiki/Anthony_Bourdain:_Parts_Unknown
Parts Unknown,8,3,Nashville,Nashville,United States,Tennessee,"36.162664,-86.781602",https://en.wikipedia.org/wiki/Anthony_Bourdain:_Parts_Unknown
Parts Unknown,8,4,Sichuan,"Chengdu, Sichuan",China,NA,"30.572815,104.066801",https://explorepartsunknown.com/sichuan/eat-like-bourdain-sichuan/
Parts Unknown,8,4,Sichuan,"Leshan, Sichuan",China,NA,"29.552115,103.765678",https://explorepartsunknown.com/sichuan/eat-like-bourdain-sichuan/
Parts Unknown,8,5,London,London,"England, United Kingdom",NA,"51.507351,-0.127758",https://en.wikipedia.org/wiki/Anthony_Bourdain:_Parts_Unknown
Parts Unknown,8,6,Houston,Houston,United States,Texas,"29.760427,-95.369803",https://en.wikipedia.org/wiki/Anthony_Bourdain:_Parts_Unknown
Parts Unknown,8,7,Japan,Ishikawa Prefecture,Japan,NA,"36.594682,136.625573",https://en.wikipedia.org/wiki/Anthony_Bourdain:_Parts_Unknown
Parts Unknown,8,7,Japan,Tochigi Prefecture,Japan,NA,"36.565725,139.883565",https://en.wikipedia.org/wiki/Anthony_Bourdain:_Parts_Unknown
Parts Unknown,8,8,Buenos Aires,Buenos Aires,Argentina,NA,"-34.603684,-58.381559",https://en.wikipedia.org/wiki/Anthony_Bourdain:_Parts_Unknown
Parts Unknown,8,9,"Minas Gerais, Brazil",Minas Gerais,Brazil,NA,"-18.512178,-44.555031",https://en.wikipedia.org/wiki/Anthony_Bourdain:_Parts_Unknown
Parts Unknown,8,10,Rome,Rome,Italy,NA,"41.902783,12.496366",https://en.wikipedia.org/wiki/Anthony_Bourdain:_Parts_Unknown
Parts Unknown,9,1,Prime Cuts: Season Eight,NA,NA,NA,NA,https://en.wikipedia.org/wiki/Anthony_Bourdain:_Parts_Unknown
Parts Unknown,9,2,Los Angeles,Los Angeles,United States,California,"34.052234,-118.243685",https://en.wikipedia.org/wiki/Anthony_Bourdain:_Parts_Unknown
Parts Unknown,9,3,San Sebastian,San Sebastian,Spain,NA,"43.318334,-1.981231",https://en.wikipedia.org/wiki/Anthony_Bourdain:_Parts_Unknown
Parts Unknown,9,4,Laos,Luang Prabang,Laos,NA,"20.065623,102.621621",https://explorepartsunknown.com/destination/laos/
Parts Unknown,9,5,Queens,"Queens, New York",United States,New York,"40.728224,-73.794852",https://en.wikipedia.org/wiki/Anthony_Bourdain:_Parts_Unknown
Parts Unknown,9,6,Antarctica,Lake Hoare,Antarctica,NA,"-77.628466,162.881828",https://www.eater.com/2017/6/4/15732806/anthony-bourdain-antarctica-parts-unknown
Parts Unknown,9,7,Oman,Jebel Akhdar,Oman,NA,"23.185608,57.371388",https://explorepartsunknown.com/oman/bourdains-field-notes-oman/
Parts Unknown,9,7,Oman,Muscat,Oman,NA,"23.585890,58.405923",https://explorepartsunknown.com/oman/bourdains-field-notes-oman/
Parts Unknown,9,8,Trinidad,"Port Of Spain, Trinidad",Trinidad and Tobago,NA,"10.654901,-61.501926",https://uproxx.com/life/anthony-bourdain-parts-unknown-trinidad/2/
Parts Unknown,9,9,"Porto, Portugal",Porto,Portugal,NA,"41.157944,-8.629105",https://en.wikipedia.org/wiki/Anthony_Bourdain:_Parts_Unknown
Parts Unknown,10,1,Singapore,Singapore,Singapore,NA,"1.352083,103.819836",https://en.wikipedia.org/wiki/Anthony_Bourdain:_Parts_Unknown
Parts Unknown,10,2,French Alps,Argentière,France,NA,"45.983986,6.926873",https://explorepartsunknown.com/french-alps/eat-like-bourdain-2/
Parts Unknown,10,2,French Alps,Chamonix-Mont-Blanc,France,NA,"45.923697,6.869433",https://explorepartsunknown.com/french-alps/eat-like-bourdain-2/
Parts Unknown,10,2,French Alps,Nus,Italy,NA,"45.800828,7.499153",https://explorepartsunknown.com/french-alps/eat-like-bourdain-2/
Parts Unknown,10,2,French Alps,Vallorcine,France,NA,"46.033505,6.931817",https://en.wikipedia.org/wiki/Anthony_Bourdain:_Parts_Unknown
Parts Unknown,10,3,"Lagos, Nigeria",Lagos,Nigeria,NA,"6.524379,3.379206",https://en.wikipedia.org/wiki/Anthony_Bourdain:_Parts_Unknown
Parts Unknown,10,4,Pittsburgh,Pittsburg,United States,Pennsylvania,"40.440625,-79.995886",https://en.wikipedia.org/wiki/Anthony_Bourdain:_Parts_Unknown
Parts Unknown,10,5,Sri Lanka,Colombo,Sri Lanka,NA,"6.927079,79.861243",https://explorepartsunknown.com/sri-lanka/bourdains-field-note-sri-lanka/
Parts Unknown,10,5,Sri Lanka,Jaffna,Sri Lanka,NA,"9.661498,80.025547",https://explorepartsunknown.com/sri-lanka/bourdains-field-note-sri-lanka/
Parts Unknown,10,6,Puerto Rico,"Valle Costero, Puerto Rico",United States,NA,"18.010562,-66.376779",https://www.cntraveler.com/story/recap-anthony-bourdains-parts-unknown-visits-puerto-rico
Parts Unknown,10,6,Puerto Rico,"San Juan, Puerto Rico",United States,NA,"18.465539,-66.105735",https://www.cntraveler.com/story/recap-anthony-bourdains-parts-unknown-visits-puerto-rico
Parts Unknown,10,6,Puerto Rico,"Ciales, Puerto Rico",United States,NA,"18.335325,-66.468072",https://www.cntraveler.com/story/recap-anthony-bourdains-parts-unknown-visits-puerto-rico
Parts Unknown,10,6,Puerto Rico,"Vieques, Puerto Rico",United States,NA,"18.126285,-65.440098",https://www.cntraveler.com/story/recap-anthony-bourdains-parts-unknown-visits-puerto-rico
Parts Unknown,10,7,Seattle,Seattle,United States,Washington,"47.606209,-122.332071",https://en.wikipedia.org/wiki/Anthony_Bourdain:_Parts_Unknown
Parts Unknown,10,8,Southern Italy,Lecce,Italy,NA,"40.351515,18.175016",https://www.cntraveler.com/story/anthony-bourdains-parts-unknown-visits-southern-italy
Parts Unknown,10,8,Southern Italy,Bernalda,Italy,NA,"40.410981,16.689595",https://www.cntraveler.com/story/anthony-bourdains-parts-unknown-visits-southern-italy
Parts Unknown,10,8,Southern Italy,Torre Canne,Italy,NA,"40.840472,17.470018",https://www.cntraveler.com/story/anthony-bourdains-parts-unknown-visits-southern-italy
Parts Unknown,11,1,West Virginia,War,United States,West Virginia,"37.301225,-81.690943",https://en.wikipedia.org/wiki/Anthony_Bourdain:_Parts_Unknown
Parts Unknown,11,1,West Virginia,Man,United States,West Virginia,"37.739829,-81.877619",https://en.wikipedia.org/wiki/Anthony_Bourdain:_Parts_Unknown
Parts Unknown,11,1,West Virginia,Lost Creek,United States,West Virginia,"39.161203,-80.352034",https://en.wikipedia.org/wiki/Anthony_Bourdain:_Parts_Unknown
Parts Unknown,11,1,West Virginia,Welch,United States,West Virginia,"37.432891,-81.584551",https://en.wikipedia.org/wiki/Anthony_Bourdain:_Parts_Unknown
Parts Unknown,11,1,West Virginia,Philippi,United States,West Virginia,"39.152320,-80.040358",https://en.wikipedia.org/wiki/Anthony_Bourdain:_Parts_Unknown
Parts Unknown,11,2,Uruguay,Santa Lucia,Uruguay,NA,"-34.452252,-56.388019",http://cnnpressroom.blogs.cnn.com/2018/04/09/season-11-of-cnn-original-series-anthony-bourdain-parts-unknown-launches-sunday-april-29-at-9pm-with-a-tour-of-west-virginia-in-an-extended-episode/
Parts Unknown,11,2,Uruguay,Montevideo,Uruguay,NA,"-34.901113,-56.164531",http://cnnpressroom.blogs.cnn.com/2018/04/09/season-11-of-cnn-original-series-anthony-bourdain-parts-unknown-launches-sunday-april-29-at-9pm-with-a-tour-of-west-virginia-in-an-extended-episode/
Parts Unknown,11,2,Uruguay,Jose Ignacio,Uruguay,NA,"-34.835915,-54.645146",http://cnnpressroom.blogs.cnn.com/2018/04/09/season-11-of-cnn-original-series-anthony-bourdain-parts-unknown-launches-sunday-april-29-at-9pm-with-a-tour-of-west-virginia-in-an-extended-episode/
Parts Unknown,11,3,Newfoundland,"Petty Harbour, Newfoundland",Canada,NA,"47.469784,-52.705178",https://www.cntraveler.com/story/recap-anthony-bourdains-parts-unknown-visits-newfoundland
Parts Unknown,11,3,Newfoundland,"St. John's, Newfoundland",Canada,NA,"47.561510,-52.712577",https://www.cntraveler.com/story/recap-anthony-bourdains-parts-unknown-visits-newfoundland
Parts Unknown,11,3,Newfoundland,St. Pierre and Miquelon,France,NA,"46.885200,-56.315900",https://www.cntraveler.com/story/recap-anthony-bourdains-parts-unknown-visits-newfoundland
Parts Unknown,11,4,Armenia,Yerevan,Armenia,NA,"40.179186,44.499103",http://cnnpressroom.blogs.cnn.com/2018/04/09/season-11-of-cnn-original-series-anthony-bourdain-parts-unknown-launches-sunday-april-29-at-9pm-with-a-tour-of-west-virginia-in-an-extended-episode/
Parts Unknown,11,5,Hong Kong,Hong Kong,China,NA,"22.396428,114.109497",https://en.wikipedia.org/wiki/Anthony_Bourdain:_Parts_Unknown
Parts Unknown,11,6,Berlin,Berlin,Germany,NA,"52.520007,13.404954",https://en.wikipedia.org/wiki/Anthony_Bourdain:_Parts_Unknown
Parts Unknown,11,7,Cajun Mardi Gras,Mamou,United States,Louisiana,"30.633809,-92.419299",http://cnnpressroom.blogs.cnn.com/2018/04/09/season-11-of-cnn-original-series-anthony-bourdain-parts-unknown-launches-sunday-april-29-at-9pm-with-a-tour-of-west-virginia-in-an-extended-episode/
Parts Unknown,11,7,Cajun Mardi Gras,Grand Coteau,United States,Louisiana,"30.419920,-92.046509",http://cnnpressroom.blogs.cnn.com/2018/04/09/season-11-of-cnn-original-series-anthony-bourdain-parts-unknown-launches-sunday-april-29-at-9pm-with-a-tour-of-west-virginia-in-an-extended-episode/
Parts Unknown,11,7,Cajun Mardi Gras,Lafayette,United States,Louisiana,"30.224090,-92.019843",http://cnnpressroom.blogs.cnn.com/2018/04/09/season-11-of-cnn-original-series-anthony-bourdain-parts-unknown-launches-sunday-april-29-at-9pm-with-a-tour-of-west-virginia-in-an-extended-episode/
Parts Unknown,11,7,Cajun Mardi Gras,Opelousas,United States,Louisiana,"30.533530,-92.081509",http://cnnpressroom.blogs.cnn.com/2018/04/09/season-11-of-cnn-original-series-anthony-bourdain-parts-unknown-launches-sunday-april-29-at-9pm-with-a-tour-of-west-virginia-in-an-extended-episode/
Parts Unknown,11,8,Bhutan,Thimphu,Bhutan,NA,"27.472792,89.639286",http://cnnpressroom.blogs.cnn.com/2018/04/09/season-11-of-cnn-original-series-anthony-bourdain-parts-unknown-launches-sunday-april-29-at-9pm-with-a-tour-of-west-virginia-in-an-extended-episode/
Parts Unknown,11,8,Bhutan,Punakha,Bhutan,NA,"27.592087,89.879746",http://cnnpressroom.blogs.cnn.com/2018/04/09/season-11-of-cnn-original-series-anthony-bourdain-parts-unknown-launches-sunday-april-29-at-9pm-with-a-tour-of-west-virginia-in-an-extended-episode/
Parts Unknown,11,8,Bhutan,Bumthang,Bhutan,NA,"27.641839,90.677305",http://cnnpressroom.blogs.cnn.com/2018/04/09/season-11-of-cnn-original-series-anthony-bourdain-parts-unknown-launches-sunday-april-29-at-9pm-with-a-tour-of-west-virginia-in-an-extended-episode/